Tweet,Stance
Yandexte her Fener AÄŸlama yazÄ±nÄ±zda FenerbahÃ§e 100dolar kazanacak haydi 12numaraa :ddddd,
Åampiyonuz fln ama kÄ±skanmÄ±yosun dimi kÄ±z,
GALATASARAY Varken FenevbahÃ§eyi Sevmek ;	Adriana Lima Varken BÃ¼lent ersoy'u Sevmek Gibi BiÅŸi olsa Gerek,
AkÅŸam Madrid ile maÃ§Ä±mÄ±z var size fax ile bildirdiler mi? :ddd,
Her seferinde transfer de ÅŸampiyon oluyorsunuz.Tamam da yÄ±ldÄ±zlarÄ± neden Galatasaray takÄ±yor.Sahi kac sene oldu CL ye gitmeyeli,
Ä°stanbul u yakacaÄŸÄ±z biz o gÃ¼n fenere yazÄ±k cimboma yazÄ±k!,
Uefa kadrosundan stochu Ã§Ä±karÄ±p volkan ÅŸeni almak. Bravo fener senin aq ğŸ‘ğŸ‘,
Peder fenevli cok guzel dalga geciyom jsmsjsns,
Ya abi fenevlilerle dalga gecmek en buyuk hobim resmen sksjsk,
"UluslararasÄ± platformda bari Galatasaraya bok atmayÄ±n emirates cup,barnebau turnuvalarÄ±ndan haberiniz var mÄ± ;)",
Ä±n  yaptÄ±ÄŸÄ± veyapacaÄŸÄ± en bÃ¼yÃ¼k hizmet olacak istifasÄ±ndan sonra  un Ã§ocuklarÄ± gibi sÄ±nÄ±rsÄ±z sevineceÄŸim!,
19:03 ÅAMPÄ°YON OLACAÄIZ BEÅÄ°KTAÅIM BU SENE KOYACAÄIZ CÄ°MBOMBOMA FENERE ğŸ‘ŠğŸ’ª,
19.07 orospu Ã§ocuÄŸu ibne fenerbahce,
19 07 ÅÄ°KE SAATÄ° VE DAKÄ°KASÄ°=FENEV,
milli voleybol maÃ§Ä±nda fener aÄŸlama Ã§alÄ±yo sandÄ±m meÄŸer telefonum Ã§alÄ±yomuÅŸ laned,
bu fenevlilerde bi ğŸ‘Œ durum var.,
Bizim yerden yere vurduÄŸunuz sabri 6. Kez real madride karÅŸÄ± oynayacakken fenevli hiÃ§ bi futbolcu fb formasÄ±yla reale karÅŸÄ± hiÃ§ oynayamadÄ±,
Lan ne hale dÃ¼ÅŸtÃ¼n. Bok mu vardÄ± fenerbahÃ§eye gelecek,
Real Madrid Galatasaray maÃ§Ä±nda fotoÄŸraflar fax ile fenerbahÃ§eye gÃ¶nderilecek.,
"bence de:) fener medyasÄ± ortalÄ±ÄŸÄ± karÄ±ÅŸtÄ±rma konusunda baÅŸarÄ±lÄ±..at ortaya bir yalan konuÅŸsun GS""lÄ±lar",
fener ve galatasaray  Ã§ok net ...   tam gaz.....,
"YazÄ±k vallahi bu Fenerlilere. Åike dersen var,  doping dersen var. ğŸ˜",
Bu kankÄ±r niye fenerli ya biz onunla ne gÃ¼zel Galatasaray formasÄ± giyip beste yapÄ±caktÄ±k ğŸ˜¢,
KÄ±z tavlama konusunda FenerbahÃ§e gibiyim genÃ§ yetenekleri alÄ±p harcayÄ±p geri gÃ¶nderiyorum amk ğŸ˜‚,
Ahh ah bu fenerliler beni Ã¶ldÃ¼recek amk real madrid e sorsak fenerbahce ne diyecekler burda dassak geciyorlar amina koyduklarim :ddd,
"Valencia ""Feghouli"" feneve satsa bile bi halt olmaz   tek gerÃ§ek",
"FenerbahÃ§e transfer olan topÃ§ular ""aa ben zaten Feneliyim , hep burayÄ± istemiÅŸtim , eurobahÃ§e pardon en bÃ¶yÃ¼k fenevbahce"" pavaciklar.",
haydaaaaaa eee aimdi nereye basvurcak azizeli fenevvv,
FenevbahÃ§e avrupa kupasi alacakmÄ±ÅŸ...zuhahahahahahaahah!!!,
Fenerde frede ceza vermek icin gotunu yirtio her seferinde babayi alio ğŸ˜„,
ÅŸike konusu aÃ§Ä±lÄ±caksa tek takÄ±mÄ±n adÄ± geÃ§er o da FENEVBAHÃ‡E,
ÅŸu fenevlilerin maÃ§ yorumlarÄ±nÄ± okuyunca ne gÃ¼lÃ¼yorum siz bizi gÃ¼ldÃ¼rdÃ¼nÃ¼z Allah da sizi gÃ¼ldÃ¼rsÃ¼n inÅŸallah bi gÃ¼n madridle maÃ§ yaparsÄ±nÄ±z,
Biz dÃ¼n Real Madrid'i yenemedik diye Ã¼zÃ¼ldÃ¼k.. 	BÄ±rakÄ±n onlar bugÃ¼n AthosPorthoakflaÅŸfÅŸaiflaÅŸfk takÄ±mÄ±nÄ± yenip mutlu olsunlar.,
Az evvel beyin Ã¶lÃ¼mÃ¼ gerÃ§ekleÅŸmiÅŸ bir Fenerli 6-0 ne dÃ¶rdÃ¼ncÃ¼ yÄ±ldÄ±z ne kupalarla(lar ekine dikkat) kapanmaz dedi.yazzÄ±kğŸ˜,
bu sefer hayal kurma konulu filmin baÅŸ rolÃ¼nde fenevbahÃ§e var,
Fenerliler buradan engelliyor gÄ±cÄ±k PaylaÅŸÄ±m yapÄ±nca beni de evde ben HariÃ§ herkes fenerli evden de engelleseler ya beni ğŸ˜‚ğŸ˜‚,
"YeÄŸenime fenevbahÃ§e dedim, o kaka kokuyo Ä±yy dedi ğŸ˜‚ğŸ˜‚ğŸ˜‚",
Yaz okulunda sÄ±fÄ±r Ã§ekmek > fenerbahcenin ÅŸampiyonlar liginde sÄ±fÄ±r Ã§ekmesi,
"Cristiano Ronaldo : Sneijder bana TÃ¼rkÃ§e iki kelime Ã¶ÄŸretti Cokda hoÅŸuma gitti :	  ""Fener AÄLAMA""",
FenerbahÃ§e ile BeÅŸiktaÅŸ iki takÄ±mlÄ± turnuva olan Barnebeu KupasÄ±nda ikincilik kupasÄ± bile alamaz!,
Hangi oÃ§ whatsapptan fenerbahce marsÄ± attÄ±,
Para para ÅŸike ÅŸike o. Ã‡ocuÄŸu Ä°BNE,
Sevgili besiktasli kardeslerim bu ulkerin hicbir malini almayin lutfen fenere destek saglayan insanlari zengin etmeyelim,
Tabi bu arada yandex kullanmayalim fenere destek saglamayalim BESIKTASK,
YÃ¼rÃ¼ len fenev Edirne nin ilerisi ni azda olsa gÃ¶rmÃ¼ÅŸsÃ¼n.,
Niye bÃ¼tÃ¼n arkadaÅŸlarÄ±m fenevli ya. MaÃ§ gÃ¼nleri yalnÄ±zlarÄ± oynuyorum.,
Duygun dededen inciler iyi gecirmis fenere..,
Duygun dede ne demiÅŸ de kancÄ±k fenerlileri bu kadar kudurtmuÅŸ aq,
Dillere hecelemiÅŸiiz senii kalplere kazÄ±mÄ±ÅŸÄ±Ä±zz isminii ÅŸampiyon ol BeÅŸiktaÅŸ bu senee kooyy cimboma fenere,
Yunanistan ekibi Atromitos'a baÅŸarÄ±lar diliyorum .,
Allah korusun ben fenerli olsam ve bugÃ¼nkÃ¼ maÃ§ta fener elense dÄ±ÅŸarÄ± Ã§Ä±kamam be birader,
Halleyler fenevbahÃ§e gerÃ§ekler GALATASARAY ğŸ˜‚ğŸ˜‚,
Ya bu fenerbahÃ§e ne kadar komik takÄ±m aq,
Fener formasi giyen bozuluyo arkadas van persie faul yapmadim demis ğŸ˜‚ğŸ˜‚,
"BONZAÄ° PÄ°ÅMANLIKTIR Ä°Ã‡ME Ä°Ã‡Ä°RME,EÄER FENERLÄ°YSE BIRAKIN Ä°Ã‡SÄ°N Ä°Ã‡Ä°NCE BÃ–YLE SAÃ‡MALIYIP BÄ°ZÄ° GÃœLDÃœRÃœYORLAR Ä°YÄ° OLUYOR",
"UÄŸrunda Ã¶lmeyen fenerli olsun tabutumuz siyah beyaz  âœŒâœŒâœŒ (@ BeÅŸiktaÅŸ Ã‡arÅŸÄ± in Ä°stanbul, TÃ¼rkiye)",
Senin yerine baÅŸka birini koyan fenerli olsun,
Bizde Fener gibi korkak olup ÅŸÃ¶zleÅŸmede Ã¶yle bir madde koydursak rakip takÄ±mlarÄ±n futbolcusu kalmazdÄ±,
"Korkak fener otobusu gÃ¶rdum sanki :) (@ SÃ¼rmene in Trabzon, TÃ¼rkiye)",
Hocam FenerbahÃ§e aÄŸlÄ±yor tuvalete gidebilir miyiz? Gshjsjdhd,
Bu feneve bu kadar yÃ¼klenmeyin ğŸ˜„,
"Åikeci, emek hÄ±rsÄ±zÄ±  mÄ±ÅŸ :)",
fenerbahÃ§e nin paralÄ± kÃ¶peÄŸi iÅŸine bak sanane BeÅŸiktaÅŸ dan .,
fenerli kÄ±z iticiliÄŸi var.,
YanlÄ±ÅŸ anons bÃ¼tÃ¼n ezik fenerlilerin kaderi ğŸ˜‚ğŸ˜‚ğŸ˜‚ğŸ˜‚ğŸ˜‚ğŸ˜‚ğŸ˜‚,
Kanser olmaya hazÄ±r mÄ±yÄ±z ?,
Efsane efsane ne efsanesi amÄ±na koydumun fenerbahÃ§esi,
"Fener kÃ¶tÃ¼, BeÅŸiktaÅŸ kÃ¶tÃ¼. Galatasaray takÄ±r takÄ±r top oynuyor ama kÃ¶tÃ¼ diyorlar",
"FenerbahÃ§a Messi'yi transfer etse, bu teknik adamla ne olur yahu?	AÅŸÃ§Ä± iÅŸi bilmiyorsa iyi malzeme ne iÅŸe yarar?",
Bu ne sacma tisort,
Fener ile Real Madrid ne zaman maÃ§ yaptÄ± da soyunma odasÄ±na gÃ¶tÃ¼rdÃ¼n adamÄ± lan? :))))))))))),
Fener borsada iÅŸlem yapmÄ±yor mu kap bildirimi yapmadan nasÄ±l bir aÃ§Ä±klama yaparsÄ±n bu manipÃ¼lasyon deÄŸil mi,
"Aziz teÅŸhisi yanlÄ±ÅŸ koydu. Fener en bÃ¼yÃ¼k sivil toplum kuruluÅŸu deÄŸil, en bÃ¼yÃ¼k suÃ§ Ã¶rgÃ¼tÃ¼dÃ¼r.",
Lan Zlatan Feneri tanÄ±mÄ±yodur bide sÃ¶z vermiÅŸ hassiktir lan ordan,
Messi oldu Zlatan. 	FenevbahÃ§eliler yandexi adam gibi kullanÄ±rlarsa Zlatan Ã¶bÃ¼r sezon fb deymiÅŸ.Gaza bak gaza..,
Åuanda biyerlerde aÄŸlayan fenerliler var hissediyorum :Dfdas,
FenerbahÃ§eyi en bÃ¼yÃ¼k hizmet istifadir,
Ä°brahimovic'in burnu fenerbahÃ§e'den bÃ¼yÃ¼ktÃ¼r amk,
fener'de ters giden biÅŸey var.  aziz ÅŸu anda ibra'yÄ± ortaya atarak zemin hazÄ±rlÄ±yor.,
Birileri fenerlileri fena kafaya alÄ±yor :),
"Azize sana tek bir lafim var,SENIN SU1 MILYON UYE NE ALEMDE  :) SENIN PAVALI KOPEKLERIN, IYICINE MAL OLMUS SANA INANIYOR AHAHA :)",
Demek istiyor ki fenerbahce yoktur azizbahÃ§e vardÄ±r :),
SEN FENERLÄ°SÄ°N Ã‡EKÄ°L ÅURDAN,
KÄ±zlarÄ±n kaybedince alÄ±ÅŸveriÅŸ duygusu kabarmasi doÄŸru gibi FenerbahÃ§e Åampiyonlugu kaybedipBeÅŸiktaÅŸ ise maÃ§Ä± kaybendince transfer yapiyor :),
Okadar imkan varsa elinde ÅŸimdiye kadar Ã§oktan sÃ¼rekli avrupada baÅŸarÄ±lÄ± olan bir FenerbahÃ§e yaratmalÄ±ydÄ±n.. 17 senedir baÅŸkansÄ±n yarraam,
Ä°brahimovic'in menejari fenerden baÅŸka tÃ¼rk takÄ±mÄ±yla konuÅŸursa 10 milyon euro verecekmiÅŸ azize yuh yalanÄ±nda bukadaro amk skfnsjsn ğŸ˜‚,
O zaman sayÄ±n BaÅŸkan galatasarayli didem akÄ±n o zaman neden hala fenerbahÃ§e de managerlik yapÄ±yor,
Lan ne mal ÅŸu aziz yildirim sen ÅŸike ile temsil ettin adam milli takÄ±m baÅŸÄ±nda italyaya gidiyor laf atiyon abi ne boÅŸ adamlar var fenerde,
Ulaz azÃ®ze yildirim ne yalancisin amk ibo'nun menajeri turkiyeye gelirsek bi tek feneve gelir demiÅŸmiÅŸ yalancinin daniskasi a.koyduÄŸumun iti,
Zlatan TÃ¼rkiye'de sadece FenerbahÃ§e'ye gelirim demiÅŸ ulan ahahahahhahahahahahahha,
TÃ¼rk futbolu adina doÄŸru sÃ¶ylediÄŸi tek ÅŸey var fenevin ÅŸirin baÅŸganÄ± azizin o da  MaÃ§ baÅŸÄ± Ã¼cretlerin kulÃ¼pler iÃ§in bÃ¼yÃ¼k kÃ¼lfet olduÄŸu.,
"Askerlik yapan adam olur, yapmayan FenerbahÃ§e'ye baÅŸkan olur. Vatan haini...",
Askerlik yapmamak iÃ§in sahte Ã§Ã¼rÃ¼k raporu alan  baÅŸkanÄ± A.Y. vatani gÃ¶rev Ã¼stÃ¼nden milli takÄ±m coachu Ergin AtamanÄ± eleÅŸtiriyor !,
Aziz hÄ±rslandÄ±kÃ§a saÃ§malÄ±yor baÅŸkanlÄ±ÄŸÄ± Ali KoÃ§'a devretcekmiÅŸ hani kimse FenerbahÃ§e'den bÃ¼yÃ¼k deÄŸildi ÅŸimdi kendi malÄ±n gibi konuÅŸuyosun.,
"Yandex kullanan kim varsa siliyoruz arkadaÅŸlar, fenerbahÃ§eye para kazandÄ±rmÄ±yoruz :)",
Aziz yÄ±ldÄ±rÄ±m gerÃ§ekten Ã§ok boÅŸsun ya. FenerbahÃ§enin baÅŸkanÄ±na facebookta yapÄ±lan ergen yorumlarÄ± yakÄ±ÅŸmÄ±yor vallahi,
"ÅU AZÄ°Z YILDIRIM'I ALIN ÅURDAN YA. BU ADAMI DESTEKLEYEN FENERBAHÃ‡E TARAFTARI OLAMAZ. BU ADAMI DESTEKLEYEN PARALI KÃ–PEK, FUTBOL KATÄ°LÄ°DÄ°R.",
Ben bu fenev baÅŸkanÄ± kadar atÄ±p tutan GS Ã¼stÃ¼nden prim yapan hiÃ§ kimseyi gÃ¶rmedim,
aziz yildirim son dakika c.ronaldo ve messi aldik dedi ve bunlara inanlar karsisinda nani nani na ni na ni,
Ibrahimovic'in tÃ¼rkiyeye gelse sadece FenerbahÃ§eye geleceÄŸini sÃ¶ylemesi aÄŸÄ±r dramdÄ±r arkadaÅŸlar ayqquwyqqqy,
"Anlat Aziz ""YaptÄ±ysam Fenev iÃ§in yaptÄ±m"" dediÄŸin gÃ¼nÃ¼ unutmadan anlat AzizğŸ˜¡",
Bu aziz yildirim ne sacmaliyo aq ibra fenere gelirmiÅŸ bitek falan olum bi gidin kumda oynayin siz ya,
IBRAHIMOVIC size gelirse bizede MESSÄ° gelecek naberrrr:)) kucuk bebelerin yaptigi muhabbetler geldi aklima adam iyce bunadi fenevli amca:))),
SonuÃ§ olarak ben bu FenerbahÃ§e den hiÃ§ biÅŸey anlamadÄ±m,
Ä°bra sadece feneve gelecekmiÅŸ vallahi kafayÄ± yemiÅŸ lan bu kamil :)),
zlatan Ä±brahimovic aratmÄ±ÅŸlar :D:D:D: TÃ¼rkiyeye gelirse :D :D:D:d sadece :D:D:d fenerbahcede :D:D: forma giyicekmiÅŸ. D:D:D:D:D :D,
3 gun sonra CL kura cekimi var. fenevliler sizi ilgilendirmiyor,
Ãœlker fenerin yalakasi ayri zaman da sponsorudur arkadaÅŸlar TORKU alÄ±n bundan sonra hem daha gÃ¼zel Ã¼rÃ¼nleri ben Ã§ok beÄŸendim..,
neyse fenevlile takÄ±mÄ± konuÅŸacak halim yok,
fenevin cl hasreti gibi hasret Ã§ekin amk :DD,
"CanlÄ± yayÄ±nda aziz efendi  medyaya ayar veriyor, fenevbahÃ§e olmasa ekranda ne konuÅŸacaksÄ±nÄ±z eve nasÄ±l ekmek gÃ¶tÃ¼receksiniz diyor",
"EleÅŸtirmeyin fenevi zaman tanÄ±yÄ±n gÃ¼zel sÃ¶zler sÃ¶yleyin diyor, medya da elinden geleni ardan koymuyor....MESELENÄ°N Ã–ZETÄ° BUDUR",
Fener yalakasÄ± fanatik. CevabÄ± mayÄ±sta kupayÄ± kaldÄ±rarak vereceÄŸiz,
FenerbahÃ§e sezon sonunda ne yapar bilemiyorum ama bence kÃ¶tÃ¼ bir kadro yapÄ±lanmasÄ± yaptÄ±.,
Her yÄ±l Ronaldinho fenerbahÃ§e de diyen gazeteden ne beklersin,
Bu yÄ±l kaptanlarÄ± gÃ¶ndermek hoÅŸunuza gitti galiba? Ã–nce Emre ÅŸimdi Emir.... :((((,
FenerbahÃ§e zannediyor ki emre gitti diye takÄ±mda Orospu Ã§ocuÄŸu kalmadÄ± Persie den Åener'e kadar alayÄ± oÃ§,
Mahallemizin babasÄ± FenerbahÃ§eli ufaklÄ±klarÄ±nÄ± GalatasaraylÄ± yapmaya devam. Talha ve Furkan.,
Amk fenerlilerde konuÅŸuyor y gassarayÄ± sanane amk sen 4. YÄ±ldÄ±zÄ± tak amk Ã§apsÄ±zÄ±,
Åampiyonlar ligi Ã§oh hojdur ama sanana,
Pereira ben sihirbaz deÄŸilim her maÃ§Ä± farklÄ± kazanÄ±cak deÄŸiliz demiÅŸ yalnÄ±z fener geldiÄŸinden beri Ä°ran takÄ±mÄ± hariÃ§ kimseye fark atamadÄ±.s,
Bizimkiler baÅŸta aziz yÄ±ldÄ±vÄ±m olmak Ã¼zere tÃ¼m fenevlilere koymuÅŸlar Ã§ocuÄŸu ğŸ‘ŠğŸ’ª,
GALATASARAY SPOR KULÃœBÃœ yine azize ve feneve gecirmis hahahaha KAPAKKKKKK,
Pis fenevliler Defolun SÃ¼per Ligimizden :D,
ZAMANINDA TANJEVIC PÄ°Ã‡Ä° HEM FENEV HEM MILLI TAKIM ANTRENÃ–RU OLUNCA USULSUZ TRANSFER YAPINCA SES YOK ERGIN ATAMAN OLUNCA HEMEN Ã‡AMUR ATIN!!,
Ä°nÅŸallah FenerbahÃ§eli birine aÅŸÄ±k olursun nasÄ±l bir beddua tarzÄ±dÄ±r bÃ¶yleleri hep beni bulmak zorunda mÄ±? ğŸ˜¤,
Åampiyonlar ligi coh hojdir ama sanena,
Sen fenere gittin ama gÃ¶gsÃ¼nde hÃ¢la KarÅŸÄ±yaka armasÄ± var DÄ°XON ğŸ˜ğŸ˜ğŸ˜,
HayatÄ±nÄ±n ayarÄ±nÄ± yiyen fenerlilerğŸ˜‚,
"Bizim kÃ¶y bu aralar FenerbahÃ§e'nin ÅŸampiyonlar ligiyle arasÄ± kadar soguk (@ SirinkÃ¶y in Turkiye, Giresun)",
AyrÄ±ca feneV ve bjk taraflarinda ayrÄ± bir gerginlik adamlar merakla bekliyor hangi takÄ±mÄ±n atkisini aÃ§acaklarÄ±nÄ±,
Uefa'da gruplara kalabilcek miyim korkusunu hissederken  Sampiyonlar Ligi kura heyecanini yasar. Adalet mi be buğŸ˜‚ğŸ˜‚,
Kura cekimi var heyecandan Ã¶lcem. fenerliler anlamaz,
fenerbahÃ§eliler tahmin etmesinğŸ˜‚,
BakalÄ±m bu sefer hangi takÄ±mlarÄ±n atkÄ±larÄ±nÄ± aÃ§acaksÄ±nÄ±z?.,
sampiyonlar ligi sarkisinj dinlettigimde starin sarkisi degil mi bu diyen fenerli ececim,
AyÄ±p yahu yazmayÄ±n ÅŸuraya ÅŸÃ¶yle ÅŸeyler fenerlisi var beÅŸiklisi var...,
BakalÄ±m bu sefer hangi takÄ±mlarÄ±n atkÄ±larÄ±nÄ± aÃ§acaksÄ±nÄ±z?.,
Tam bir fener yalakasÄ± olduÄŸunu gÃ¶rdÃ¼k Harun erdenay.,
BakalÄ±m bu sefer hangi takÄ±mlarÄ±n atkÄ±larÄ±nÄ± aÃ§acaksÄ±nÄ±z?.,
FenerbahÃ§e'nin Ã§ocuÄŸu Harun Erdenay :),
TBF de TFF de fener yancisi sikeci serefsizlerdir.,
5.Ã‡Ã¶p TorbasÄ±ndanda Fener Gelir HHAHAHAHA,
"Kimse Milli TakÄ±m hocasÄ±na giydiremez. Futbol, Bayan-Erkek Basketbol HocalarÄ±nÄ±n hepsi Galatasaray HocasÄ±. SaygÄ± duyacaksÄ±nÄ±z",
Aziz YÄ±ldÄ±rÄ±m TÃ¼rk futbolunu bitirdiÄŸi gibi basketbola da burnunu soktu turnuva Ã¶ncesi moralleri bozdu gereksiz bir adamsÄ±n aziz,
SON DAKÄ°KA!!! FenerbahÃ§e'nin Åampiyonlar Ligindeki torbasÄ± belli oldu;	Mesane!,
Kurada Real banko zaten amk.Fenerden Ã§ok onlarla maÃ§ yapÄ±yoruz,
80 tl bilet parasÄ±nÄ± gÃ¶tÃ¼nÃ¼ze sokarsÄ±nÄ±z,
Etraf leÅŸ gibi fenerli kaynÄ±yo ğŸ˜’ğŸ˜’,
GÃ¼zel insanlar; FenerbahÃ§e en son ÅŸampiyonlar ligine gittiÄŸinde doÄŸan Ã§ocuklar ilkokulu yarÄ±ladÄ±lar nerdeyse...,
sizde Ã§Ã¶p filan Ã§ekin bari :/ olmadÄ± bÃ¶yle,
Bu fener Harbiden Ã‡ok Salak YÄ±ldÄ±z Transfer YapÄ±cam Diye En Ã–nemli OyuncularÄ±ndan VazgeÃ§ti.,
iÅŸiniz gÃ¼cÃ¼nÃ¼z masa baÅŸÄ± oyunlarÄ± .. Tamda size yakÄ±ÅŸan ezik bir baÅŸkanÄ±nÄ±z var .. uA â­ï¸â­ï¸â­ï¸â­ï¸,
Ä°lla romantik ol diyorsan gel sevgili mum Ä±ÅŸÄ±ÄŸÄ±nda Feneve sÃ¶velim.,
bu fener kadar eÅŸÅŸek bir takÄ±m gÃ¶rmedim volkanÄ± alÄ±yorlar sowla stochu gÃ¶nderiyorlar kuÅŸa sÃ¼rÃ¼lecek beyin yok bunlarda.,
Sow 'un bonservis parasÄ± sanki  kendi cebine  girecekmiÅŸ gibi sevinen taraftardÄ±r FenerbahÃ§e taraftarÄ±;)),
"Biz SAMPIYONLAR LIGI grup kurasÄ± heyecanÄ± yaÅŸayalÄ±m , siz hala UEFA kupasÄ±nda gruplara kalÄ±r mÄ±yÄ±z diye dÃ¼ÅŸÃ¼nÃ¼n",
Biz birazdan keyifle kura Ã§ekimini izlerken fenerliler akasya duraÄŸÄ±nÄ±n heycan dolu tekrar bÃ¶lÃ¼mÃ¼nÃ¼ izleyebilirler ğŸ˜€ Quwiqwuwiq,
aga boÅŸver feneri Trabzon'dan haber ver,
FenerbahÃ§e'lilerin temellisi zor kuraymÄ±ÅŸ ulan Uefa mÄ± burasÄ± herhalde zor kura olacak kÃ¼Ã§Ã¼k beyinler ahahah,
"GalatasaraylÄ± arkadaÅŸlarÄ±mdan daha Ã§ok dua eden fenevli beÅŸtaÅŸlÄ± ""arkadaÅŸ(!)""larÄ±mÄ±n olmasÄ± â¤ï¸ ben ...",
ulan fenerliler ÅŸu heyecanÄ± hiÃ§bir zaman anlayamayacaksÄ±nÄ±z:ddd,
fener kaÃ§Ä±ncÄ± torbada :ddddd,
Birazdan yapÄ±lacak kura seÃ§imlerine FenevbahÃ§e idrar torbasÄ±ndan katÄ±lacak.,
Biz kuralari izleriz siz de baÅŸÄ±ni alÄ±rsÄ±nÄ±z,
Hem tipsiz hemde fenevli...,
"Åimdi fenerlilirin konu dÄ±ÅŸÄ± tivitleri taymlayna dÃ¼ÅŸecek ,  dram budur iÅŸte :(",
FenevbahÃ§e varmÄ±ÅŸ gibi izleyin kura Ã§ekimini,
Volkan' a haber verin televizyonu aÃ§sÄ±n. Ã–zlediÄŸi mÃ¼zik Ã§alÄ±yor ğŸ˜„ğŸ˜„,
Siz bilmezsiniz bu heyecanÄ± la,
Cl mÃ¼ziÄŸi dÃ¼nyanÄ±n en gÃ¼zel mÃ¼ziÄŸidir aksini iddia eden fenerlidir :d,
Bu heyecanÄ± bilirmisiniz ?,
Bu heycan ne demek anlayamassiniz,
Fener sidik torbasÄ±ndan geliyo.,
Fenerlileri kura heyecanÄ± sarmÄ±ÅŸ durumda. Birazdan bu sene hangi takÄ±mÄ±n atkisini yapacaklarÄ± belli olacak,
FENEV ÅŸampiyonlar ligi torbasÄ±na Ã§Ã¶p torbasÄ±ndan giriyomuÅŸ,
TRT Spor'u aÃ§ CL mÃ¼ziÄŸi var dinlersin bi de Ã§ekiliÅŸ var sen bilmezsin ama neyse bak Ã–ÄŸren   ğŸ˜‚ğŸ˜‚,
Milyonlarca fenerlinin bayern barca madrid Ã§ekmemiz iÃ§in dua etmesine Ã§ok az kaldÄ± :)) KUDUURRRRRR,
Åu kuralarÄ± aÃ§Ä±klayÄ±nda fenerli soytarÄ±lar atkÄ±larÄ± hazÄ±rlasÄ±n hadi ğŸ˜„ğŸ˜„,
Fenerlilerin hiÃ§ bi zaman tadamayacaÄŸÄ± heyecan..,
Fenevbahce kaÃ§Ä±ncÄ± torba da ahahahahah,
Siz izlemeyin lan gevÅŸekler,
GalatasaraylÄ±nÄ±n sÄ±kÄ±ntÄ±sÄ± her sene Madrid sÄ±kÄ±ldÄ±k artÄ±k	Fenerlinin sÄ±kÄ±ntÄ±sÄ± her sene Pendik geldi yeter artÄ±k,
Sizin ÅŸampiyonlar ligi heyecanÄ±nÄ±z bizim rakiplerimizden ibaret !,
Fenevliler BeÅŸiktaÅŸlÄ±lar dua ediyor. Real Chelsea.filan Ã§Ä±ksÄ±n diye yoksa yeni atkÄ± parasi verecekler onlarda haklÄ± :),
Åampiyonlar Ligi mÃ¼ziÄŸi Ã§aldÄ±ÄŸÄ±nda tÃ¼yleri diken diken olmayanlar kesin fenerlidir :),
Fenerli ve Bjkli taraftarlar atkÄ±larÄ±nÄ± hazÄ±rlÄ±ycaÄŸÄ±nÄ±z takÄ±mlar belli olucak :D,
Fenevliler Ä°zlemeyin Lan :D,
Biz ÅŸampiyonlar ligi kura Ã§ekimini izlerken fenerliler ne yapÄ±yor ğŸ˜‚,
Ã‡ocuklara kurayÄ± izletmeyin beyler . Sonra Ã§ocuÄŸu reklamda sucuk gÃ¶rÃ¼p isteyince alamayan fakir baba tribine girmeyin,
Fenerliler izlemesin +4 yÄ±ldÄ±z :dddd,
AtkÄ±larÄ± hazÄ±rladÄ±nÄ±zmÄ±,
Ã¼zÃ¼lme knk FenerbahÃ§e'de kura Ã§ekimine Ã§Ã¶p torbasÄ±ndan katÄ±lÄ±yo,
AtkÄ±larÄ±nÄ±z hazÄ±r mÄ±? Onun bunun Ã§ocuklarÄ±..,
KaÃ§Ä±nÃ§Ä± torbadasÄ±nÄ±z oroapu Ã§ocuklarÄ±?,
AtkÄ±larÄ±nÄ±zÄ± Ã§Ä±kartÄ±n aman amaan,
Kura heyecanÄ± Ã§ok baÅŸka be biz bilmezsiniz lan Fenerliler,
Birazdan atkÄ±sÄ±nÄ± alacaÄŸÄ±nÄ±z takÄ±mlar belli olcak kappeler,
FenerbahÃ§e kuraya Ã§Ã¶p torbasÄ±ndan katÄ±lÄ±yor haahhahahahahahah,
BukelamunlarÄ±n bu sene ki renkleri birazdan belli olacak,
selam genclerr ğŸ˜ƒ     herkes olmasi gerektigi yerde : )   seni seviyorum,
Her sene olduÄŸu gibi kura cekimini bizden Ã§ok fenevliler merak ediyorğŸ˜‚ ee gel buyur oyna da o zaman ğŸ˜‚ğŸ˜‚,
Aq Ã§ocuklarÄ± sizi   ğŸ‘…ğŸ‘…ğŸ‘… .,
kura Ã§ekimi  tÃ¼m maÃ§larÄ±ndan daha heyecanlÄ± ama sizler  ve  bunu  ANLAYAMAZSINIZ,
Fenerbahce katilmadi konsepti anlatmana gerek yok katilan takimlarin hepsi biliyor,
Fenevliler fazla sevinmeyin aynÄ± grupta yer alamayacaÄŸÄ±z :),
Kura heyecanÄ± bastÄ± fenerliler bilmez ğŸ˜ğŸ˜,
Bu ligdeki herÅŸey tamamen hayal ÃœRÃœNÃœR..!!   senin iÃ§in !!,
Kuralarda fener ve beÅŸiktaÅŸ taraftarÄ±nÄ±n takacaÄŸÄ± atkÄ±lar belirleniyor ğŸ˜„,
Fenerin cl deki rakibi hskdjdjdjdj,
amk gerizekali ezikleri babaniz galatasaray ulann ğŸ˜‚ğŸ˜‚,
Haydi fener'liler BeÅŸiktaÅŸ'lÄ±lar kuralar Ã§ekildimi atkÄ±larÄ±nÄ±zÄ± hazÄ±rlayÄ±n ğŸ˜‚ğŸ˜‚,
FenerbahÃ§e bu KuranÄ±n neresinde  in neresinde her zaman en bÃ¼yÃ¼k tek temsilci,
GenÃ§ler ÅŸu heycanÄ± yaÅŸamanÄ±z lazÄ±m :(,
Ä°zliyonuzmu lan ezik fenevliler,
bizden cok fenerliler besiktaslilar merak ediyor aq ezikleri,
Az sonra FenevbahÃ§enin hangi takÄ±mÄ±n atkÄ±sÄ±nÄ± alÄ±caÄŸÄ± belli olucak 	Manchester City,
"Fenerliler , besiktaslÄ±lar bizden daha heyecanlilarğŸ˜ğŸ˜",
"Tvde gezinirken kendimi ÅŸampiyonlar ligi kura Ã§ekiliÅŸi izlerken buldum, fenerli kÄ±zlar bilmez.",
Fenerliler bu mÃ¼ziÄŸi bilmez CL ayrÄ±calÄ±ktir,
Bize yine cl size hÃ¼sran,
FenerbahÃ§e kuralara Ã§Ã¶p torbasindan katÄ±lacak,
FenerbahÃ§enin ÅŸampiyonlar ligindeki rakipleri gibisin yoksun,
Bu kel ilk defa uÄŸursuzluk getirmedi not:fenerliler bilmez...,
KardeÅŸ siz hangi gruptaydiniz?,
Åu an fenerlilerin yÃ¼zÃ¼nÃ¼ Ã§ok merak ediyorum asdfggafsvsva,
Molde teknik direktÃ¶rÃ¼ Erling Moe ; FenerbahÃ§e hakkÄ±nda bildiÄŸim tek ÅŸey bir kaÃ§ yÄ±l Ã¶nce ÅŸike yaptÄ±klarÄ± adam olayÄ± Ã§Ã¶zmÃ¼ÅŸ yani ğŸ˜€ğŸ˜€âœŒğŸ»ï¸ğŸ‘ğŸ‘,
Fener Amsterdam diyeee diyee gidicek sonunda aq ajakahslans,
Koca Ã¼lkeyi rezil ediyorsunuz Emek HÄ±rsÄ±zlarÄ±..,
Hahahahaahaha fenerin grubu ne lan oyle,
Fenerbahahahha ulan yine sÃ¶yleyemedim,
Herifler daha isminizi bilmiyor aq :))),
Her derbide feneri asagilayan MELO bir GS efsanesidir.Ayrilikta sevdaya dahil.,
Aziz yÄ±ldÄ±rÄ±mÄ±n FenerbahÃ§eye sportif olarak verdiÄŸi zararlar bu toplumsal yaranÄ±n yanÄ±nda devede kulak kalÄ±r,
Fenerin kÃ¶peÄŸi ibne,
Ben ÅŸimdi anladÄ±m bunlar dÃ¼nyada 1 numaralÄ± rezil takÄ±m diye tanÄ±nÄ±yorlar sksjsj,
AÄŸzÄ±na laf olduÄŸumuz takÄ±ma bak ya.FenerbahÃ§e. Lan Fener lan Fener. 3 yÄ±ldÄ±zlÄ±. TÃ¼rkiye kupasÄ±z. Åikeli. AvrupasÄ±z. FENER :( hiÃ§ asiliÄŸi yok,
1 senede 3 kupa alan takimin yÃ¶netimine fenerli birini getirsen bizi bu kadar bitirmez Psikolojik olarak yorulduk lig baslamadan,
Aziz yÄ±ldÄ±rÄ±m ve kÃ¶pekleri daha ne istesin.Dursun Ã–zbekten daha iyi transfer mi olur? Bi fenerli bile bunu yapamazdÄ±?,
"Bu sene yine tff, pfdk, fenev, azize bejeke, hakemler, alayÄ±nÄ± Ã¼st Ã¼ste koymak gerekecek ki her sene yaptÄ±ÄŸÄ±mÄ±z iÅŸ, alÄ±ÅŸtÄ±k artÄ±k!",
Baba parasiyla biyere gelmis fenerbahce y,
Feneve ne Ã§akmÄ±ÅŸtÄ± be :d,
Ya ben kÃ¼cÃ¼kkende senden nefret ediyomusum aq djekfk,
AY milli takÄ±ma  olduÄŸu sÃ¼rece oyuncu gÃ¶ndermeyecekti Dimi takÄ±mda 3 fenerli basketÃ§i var  Ve aslan gibi de oynarlar inÅŸ,
Ã‡eeeek bakalim Galatasaray'dan FenerbahÃ§e'ye iki kilo kemik,
Aziz YÄ±ldÄ±rÄ±m da FenerbahÃ§e de Galatasaray da aptallÄ±k peÅŸinde. Ã–nemli ÅŸampiyona Ã¶ncesi bÄ±rakÄ±n ÅŸu Ergin Ataman/Aziz kavgasÄ±nÄ±,
Ulan bu BeÅŸiktaÅŸlÄ±larda fenerlilerde harbiden yaramaz DÃ¼ne kadar biri azize biri oÄŸuzhana koÅŸmuyo diye kÃ¼fÃ¼r ederdi 3 haftada ilÃ¢h yaptÄ±larğŸ˜„,
"ArkadaÅŸa ""Sen neden FenerbahÃ§e'lisin?"" dedim. Åerefli olduÄŸu iÃ§in dedi. GÃ¼lmekten Ã¶ldÃ¼m balkondan dÃ¼ÅŸÃ¼yodum. BÃ¶yleleride var...",
Cenk tosun feneve kosun,
V. Persie'ye moral vermek iÃ§in Hollanda takÄ±m otobÃ¼sÃ¼nÃ¼ karÅŸÄ±layan FenerbahÃ§eliler Allah sizi kahretsin. Åerefsiz kÃ¶pekler.,
"FenerbahÃ§e halkÄ±n takÄ±mÄ± deÄŸildir , bilet fiyatlarÄ± fenerium Ã¼rÃ¼nleri filan anca Ä°sviÃ§re halkÄ±nÄ±n takÄ±mÄ± olur bizim halkÄ±. AÅŸar",
FenerbahÃ§eli insanlarÄ±n alayÄ± mal,
Fenevliler beni takip etmesin,
Beni bilen bilir 'Van Persie Fenere gol atsÄ±n sevinirim' diyen biriyim.,
"Milli takÄ±m demek Arda Turan, Burak YÄ±lmaz,SelÃ§uk Ä°nan demek ama yinede fenerbahÃ§e TÃ¼rkiye'nin en bÃ¼yÃ¼k takÄ±mÄ± diyorsan gÃ¼leriz :SDF:SDFDSDF",
Bence bin gassaaraylÄ± onbin fenerliyi yok eder.,
Bursa'nÄ±n fenere attÄ±ÄŸÄ± kazÄ±ÄŸÄ±n rekorlar kitabÄ±na girmesi lazÄ±m :)),
Ardanin attigi gol Elamnderin ilk derbisinde Fenerbahceye attigi golun bi benzeri degil mi,
Son RT sneijderin fenere ne kadar koyduÄŸunun gÃ¶stergesidir ğŸ˜„,
